{
  "timestamp": "2026-01-17T01:17:38.923839",
  "config": {
    "noise_lengths": [
      10,
      20,
      30,
      40,
      50,
      60,
      80,
      100,
      120,
      150
    ],
    "n_trials": 5,
    "epochs": 30,
    "device": "cpu"
  },
  "results": {
    "10": {
      "noise_range": [
        5,
        20
      ],
      "retrieval_accuracy_mean": 0.2727162184156189,
      "retrieval_accuracy_std": 0.1520881050481725,
      "retrieval_accuracy_all": [
        0.5341013824884793,
        0.22160407974038016,
        0.24396904870277653,
        0.29903677758318736,
        0.0648698035632709
      ],
      "n_trials": 5
    },
    "20": {
      "noise_range": [
        10,
        30
      ],
      "retrieval_accuracy_mean": 0.24354950899437947,
      "retrieval_accuracy_std": 0.21153208430196227,
      "retrieval_accuracy_all": [
        0.21431807884005438,
        0.24420190995907232,
        0.07133303611234953,
        0.6381039197812215,
        0.049790600279199626
      ],
      "n_trials": 5
    },
    "30": {
      "noise_range": [
        20,
        40
      ],
      "retrieval_accuracy_mean": 0.24395660958208265,
      "retrieval_accuracy_std": 0.187761178846825,
      "retrieval_accuracy_all": [
        0.586046511627907,
        0.06751246035342093,
        0.08077099586966498,
        0.26993583868011,
        0.21551724137931033
      ],
      "n_trials": 5
    },
    "40": {
      "noise_range": [
        30,
        50
      ],
      "retrieval_accuracy_mean": 0.3054521802488788,
      "retrieval_accuracy_std": 0.30203707517297435,
      "retrieval_accuracy_all": [
        0.5103773584905661,
        0.0666054203031695,
        0.056363636363636366,
        0.0898876404494382,
        0.8040268456375839
      ],
      "n_trials": 5
    },
    "50": {
      "noise_range": [
        40,
        60
      ],
      "retrieval_accuracy_mean": 0.10184345020923372,
      "retrieval_accuracy_std": 0.04561059034213724,
      "retrieval_accuracy_all": [
        0.08029533917858792,
        0.06336088154269973,
        0.05345911949685535,
        0.1451319381255687,
        0.16696997270245678
      ],
      "n_trials": 5
    },
    "60": {
      "noise_range": [
        50,
        70
      ],
      "retrieval_accuracy_mean": 0.1162918976889539,
      "retrieval_accuracy_std": 0.06999363693785657,
      "retrieval_accuracy_all": [
        0.19013750592697962,
        0.06134415877311682,
        0.06396686608375518,
        0.21277552856500226,
        0.05323542909591556
      ],
      "n_trials": 5
    },
    "80": {
      "noise_range": [
        70,
        90
      ],
      "retrieval_accuracy_mean": 0.18176229126924542,
      "retrieval_accuracy_std": 0.23200116708978105,
      "retrieval_accuracy_all": [
        0.07090909090909091,
        0.05608322026232474,
        0.06353591160220995,
        0.6456156292594275,
        0.07266760431317393
      ],
      "n_trials": 5
    },
    "100": {
      "noise_range": [
        90,
        110
      ],
      "retrieval_accuracy_mean": 0.12434787866307262,
      "retrieval_accuracy_std": 0.07907677615199003,
      "retrieval_accuracy_all": [
        0.07713625866050808,
        0.14669134659879685,
        0.06882946076282333,
        0.2699551569506726,
        0.05912717034256218
      ],
      "n_trials": 5
    },
    "120": {
      "noise_range": [
        110,
        130
      ],
      "retrieval_accuracy_mean": 0.09990537587546797,
      "retrieval_accuracy_std": 0.05419658211412387,
      "retrieval_accuracy_all": [
        0.13185319438151336,
        0.0566986739826246,
        0.1921641791044776,
        0.05757715338553662,
        0.06123367852318776
      ],
      "n_trials": 5
    },
    "150": {
      "noise_range": [
        140,
        160
      ],
      "retrieval_accuracy_mean": 0.2132447138386686,
      "retrieval_accuracy_std": 0.044288407202469994,
      "retrieval_accuracy_all": [
        0.25514600287218764,
        0.21339113680154143,
        0.1415633937082936,
        0.19288845591816853,
        0.263234579893152
      ],
      "n_trials": 5
    }
  }
}